id,name,locale,geo_latitude,geo_longitude,code,score,
1,The Cove Atlantis,Paradise Island,25.086658,-77.32692,26319691,100,
2,"The Ocean Club, A Four Seasons Resort",Nassau,25.082821,-77.311623,38413942,13.526882,
3,Rosewood Mayakoba,Riviera Maya,20.690386,-87.023071,99643335,100,
4,Hotel Esencia,Riviera Maya,20.478401,-87.253029,24354080,100,
6,"Paraiso de la Bonita, a Luxury Collection Adult All-Inclusive Resort",Riviera Maya,20.912419,-86.846772,1002,100,
7,"Maroma, A Belmond Hotel, Riviera Maya",Riviera Maya,20.740248,-86.968071,1003,100,
8,COMO Parrot Cay,Parrot Cay,21.763577,-72.258827,70394502,100,
10,Amanyara,Providenciales,21.826504,-72.338257,67524306,100,
11,Fairmont Mayakoba,Riviera Maya,20.691231,-87.033813,99874455,24.426744,
12,"La Samanna, A Belmond Hotel, St. Martin",Terres Basses,18.055754,-63.139282,13937120,100,
13,Four Seasons Resort Nevis,Nevis,17.160089,-62.625866,95736651,25.424812,
14,"Aurora Anguilla, Resort & Golf Club",Rendezvous Bay,18.178371,-63.116734,59371666,100,
15,Four Seasons Resort Costa Rica at Peninsula Papagayo,Guanacaste,10.62809,-85.680725,77121520,35.917976,
16,"Cap Juluca, A Belmond Hotel, Anguilla",Maundays Bay,18.16597,-63.14505,86520971,100,
17,Grace Bay Club,Providenciales,21.79784,-72.174072,45422295,100,
18,The Palms Turks and Caicos,Providenciales,21.792866,-72.192123,69499211,100,
20,Four Seasons Resort and Residences Anguilla,Barnes Bay,18.178875,-63.145168,42638160,29.353546,
21,Wymara Resort & Villas,Providenciales,21.782051,-72.212006,70868640,100,
24,Le Sereno,Grand Cul de Sac,17.909693,-62.804245,28985724,17.739693,
25,Eden Rock St. Barths,St Jean,17.903297,-62.836193,34962957,29.409502,
26,Banyan Tree Mayakoba,Riviera Maya,20.681562,-87.026039,71329131,100,
28,Grand Velas Riviera Maya,Riviera Maya,20.674137,-87.023514,21569211,100,
29,Cheval Blanc St-Barth,Flamands,17.919111,-62.855392,59475906,23.017162,
31,Jumby Bay Island,Long Island,17.154385,-61.759792,47387644,100,
34,"The St. Regis Bahia Beach Resort, Puerto Rico",Rio Grande,18.412518,-65.819695,95335600,32.13147,
35,The Reef Atlantis,Paradise Island,25.084954,-77.3277899,14354317,100,
37,Hotel Christopher St. Barth,Pointe Milou,17.913946,-62.817135,17467611,100,
39,Hotel Le Toiny,Toiny,17.8993,-62.796902,35983426,19.450436,
40,Carlisle Bay,St. Mary's,17.016729,-61.832088,20077553,100,
41,El Silencio Lodge & Spa,Central Highlands,10.215302,-84.294121,49922764,22.3646,
42,Nayara Gardens Costa Rica,Arenal,10.5034,-84.68766,84070571,100,
44,Rosewood Little Dix Bay,Virgin Gorda,18.4589,-64.4347,84100786,100,
46,"Hotel Punta Islita, Autograph Collection",Nicoya,9.85769,-85.401665,75600866,29.317366,
47,GoldenEye Hotel & Resort,Oracabessa,18.410412,-76.945839,80969760,17.430511,
48,Petit St. Vincent,St. Vincent,12.53654,-61.383907,24077917,23.222462,
51,Sanctuary Cap Cana,Punta Cana - Cap Cana,18.472776,-68.39962,26433313,100,
52,Le Manapany Hotel & Spa,Anse de Cayes,17.9110706,-62.8443679,90682673,16.013632,
54,Cambridge Beaches Resort & Spa,Sandys,32.3097,-64.866028,23854466,100,
58,Four Seasons Punta Mita,Riviera Nayarit,20.78197489714,-105.52918008466,45605884,26.488073,
59,Waldorf Astoria Los Cabos Pedregal,Cabo San Lucas,22.874741,-109.912277,50033826,100,
60,Tortuga Bay,Punta Cana,18.517357,-68.369507,21919931,100,
61,"Las Ventanas al Paraiso, a Rosewood Resort",San Jose del Cabo,22.992245,-109.767372,59665600,100,
62,Jade Mountain,Soufriere,13.85,-61.049999,27408491,100,
63,One&Only Palmilla,Los Cabos,23.007107,-109.716965,37395415,100,
65,Rosewood Bermuda,Hamilton,32.339401,-64.700043,93715677,100,
66,Anse Chastanet,Soufriere,13.864906,-61.077351,16739004,100,
67,Eden Roc Cap Cana,Punta Cana - Cap Cana,18.457382,-68.427444,27068560,100,
68,Grand Velas Riviera Nayarit,Riviera Nayarit,20.70726,-105.300308,91606022,100,
69,Cayo Espanto,Ambergris Caye,17.94738,-88.122627,73929360,25.951508,
71,Viceroy Riviera Maya,Riviera Maya,20.66379,-87.034477,45274593,100,
72,"Esperanza, Auberge Resorts Collection",Cabo San Lucas,22.902224,-109.852509,84530433,100,
76,Spice Island Beach Resort,Saint George's,12.022322,-61.764877,99420364,100,
79,"Mukul Beach, Golf & Spa",Guacalito De la Isla,11.373938,-86.013161,29729586,22.494408,
81,Casa San Agustin,Cartagena,10.425547,-75.549393,53406193,19.138054,
86,Tabacon Grand Spa Thermal Resort,Arenal,10.490879,-84.723068,33927975,27.816238,
87,ZoÃ«try Casa Del Mar Los Cabos,San Jose del Cabo,22.976257,-109.774323,39581175,100,
88,Round Hill Hotel & Villas,Montego Bay,18.458685,-78.013496,47988160,100,
89,"Sugar Beach, A Viceroy Resort",Soufriere,13.828268,-61.060089,92790477,100,
92,Casa De Campo,La Romana,18.424124,-68.946976,41989997,100,
94,"Blue Diamond, Riviera Maya",Riviera Maya,20.698853,-87.030762,10061211,17.333847,
97,Andaz Costa Rica Resort At Peninsula Papagayo,Guanacaste,10.641596,-85.658989,15282400,36.37928,
98,Baoase Luxury Resort,Willemstad,12.095203,-68.911392,31343815,21.695988,
99,Hermitage Bay Antigua,Antigua,17.085512,-61.893906,87801462,100,
100,Nayara Springs Costa Rica,Arenal,10.503463,-84.692734,42845964,21.636286,
101,Malliouhana Resort,Meads Bay,18.187647,-63.134438,90926455,100,
102,Oil Nut Bay,Virgin Gorda,18.499939,-64.332291,66915655,100,
105,Le Barthelemy Hotel & Spa,Grand Cul de Sac,17.909693,-62.804245,59101244,100,
106,Blue Waters Resort,St. John's,17.170263,-61.834705,21787437,100,
110,Sandy Lane,St. James,13.17401,-59.636875,13606626,19.073689,
114,Paradisus Playa del Carmen,Riviera Maya,0,0,39354077,100,
117,"West Bay Club Turks & Caicos, A Grace Bay Resort",Providenciales,21.782194,-72.208554,46564306,100,
119,Hyatt Ziva Rose Hall,Montego Bay,0,0,,0,
121,Dreams Las Mareas Costa Rica,Guanacaste,11.038637527877,-85.731036718791,12171291,100,
123,Secrets Maroma Beach Riviera Cancun,Riviera Maya,20.737578671343,-86.96756103069,66494411,100,
133,"Half Moon Resort, Jamaica",Montego Bay,18.521437,-77.851082,21268375,100,
138,Sublime Samana,Playa Bonita,19.299337,-69.582169,74393942,100,
146,"The Ritz-Carlton, South Beach",Miami,0,0,,0,
149,Secrets Wild Orchid Montego Bay,Montego Bay,18.461310828963,-77.950590184548,25563197,100,
151,Paradisus La Perla,Riviera Maya,20.649228534585,-87.05590755411,56679153,100,
163,"Dorado Beach, a Ritz-Carlton Reserve",Dorado Beach,18.475227,-66.303062,58070615,31.397354,
169,Hyatt Zilara Rose Hall,Montego Bay,0,0,,0,
171,Moon Palace Cancun,Cancun,20.989621288427,-86.829282534391,27878720,100,
175,Turtle Inn,Placencia,16.531033,-88.361687,48866066,13.429945,
178,Cove Eleuthera,Eleuthera,25.400999,-76.573608,87373404,100,
185,Casa Velas,Puerto Vallarta,20.666822,-105.256546,79837037,100,
192,ZoÃ«try Agua Punta Cana,Dominican Republic,0,0,,0,
193,Strawberry Hill,Kingston,18.0527782,-76.7295506,36033106,18.316935,
199,Blancaneaux Lodge,Mountain Pine Ridge Reserve,17.038952,-88.954865,55687586,19.125021,
205,The Landings St. Lucia,Saint Lucia,14.089365,-60.954784,79325302,100,
220,Seven Stars Resort,Providenciales,21.7963804,-72.1768966,58617186,20.264322,
227,Londra Palace Venezia,Venice,45.434409463583,12.3434448,18238215,100,
229,Bahia Vik Jose Ignacio,Maldonado,-34.842052,-54.643639,62129291,26.489777,
231,Estancia Vik Jose Ignacio,Maldonado,-34.784103,-54.700886,46350306,33.66528,
237,Playa Vik Jose Ignacio,Maldonado,-34.841953,-54.640327,62129291,32.710754,
238,Vik Chile,O'Higgins,-34.539257,-71.229637,27406157,24.395554,
244,"Private Villa Collection, Grace Bay Resort",Providenciales,21.799765,-72.168159,86538993,16.016956,
245,Cheval Blanc Randheli,Maldives,5.691833,73.340866,12978615,29.803886,
246,The Kahala Hotel & Resort,Oahu,21.271709,-157.773956,40883531,100,
247,"El Mangroove, Autograph Collection",Guanacaste,10.588242,-85.651466,75560717,29.237303,
249,Fairmont Kea Lani Maui,Maui,20.675632,-156.441498,43555280,30.246925,
250,One&Only Reethi Rah,Maldives,4.520511,73.366959,54030331,100,
251,COMO Cocoa Island,Maldives,3.91786,73.469826,91933051,100,
252,"Fairmont Orchid, Hawaii",Big Island of Hawaii,19.951206,-155.859772,98765986,19.875528,
253,"Halekulani on Waikiki Beach, Oahu",Oahu,21.277849,-157.831863,73951826,100,
256,Cobblers Cove,Speightstown,13.242186,-59.644318,60392742,100,
257,COMO Maalifushi,Maldives,2.310483,73.298981,27431862,100,
258,The Caves Hotel,Negril,0,0,,0,
259,The St. Regis Punta Mita Resort,Riviera Nayarit,20.7679501,-105.5378292,14745142,24.777374,
264,Andaz Maui at Wailea Resort,Maui,20.692768,-156.442474,24157051,30.739397,
267,Ko'a Kea Hotel & Resort at Poipu Beach,Kauai,21.875381,-159.457703,85704560,100,
286,Garza Blanca Resort & Spa Los Cabos,Cabo San Lucas,22.9700965,-109.7887954,22342913,100,
295,"Hamilton Princess & Beach Club, A Fairmont Managed Hotel",Hamilton,32.290936,-64.791916,61021713,32.282776,
308,"El Encanto, A Belmond Hotel, Santa Barbara",Santa Barbara,34.438866,-119.704391,45490971,100,
309,Condado Vanderbilt Hotel,San Juan,18.458605,-66.076088,43974080,23.106245,
310,Las Casitas Village at El Conquistador Resort,Fajardo,18.3556172,-65.628977,1111310,100,
317,Villa dâ€™Este,Lake Como,45.844157474831,9.0779024114668,68954982,100,
319,"Cipriani, A Belmond Hotel, Venice",Venice,45.426418,12.341292,96013426,100,
328,Hyatt Ziva Puerto Vallarta,Puerto Vallarta,0,0,14115873,100,
344,Hard Rock Hotel Punta Cana,Punta Cana,18.733976726418,-68.482705084656,21645666,100,
353,Amanzoe,Peloponnese,37.37131438042,23.117512915341,70322160,100,
354,Amanruya,Bodrum,37.097588,27.444233,11651357,100,
355,Cap Maison Resort & Spa,Cap Estate,14.100438,-60.951412,55785335,100,
373,Morgan's Rock,San Juan del Sur,11.306482,-85.92086,45486797,16.776037,
374,One&Only The Palm,Dubai,25.099833,55.130566,51643164,100,
382,Secrets Akumal Riviera Maya,Riviera Maya,20.396104363789,-87.316243859778,39955586,100,
386,Gili Lankanfushi Maldives,Maldives,4.294935,73.555878,26137771,24.59899,
387,The Sebastian Vail,Vail,39.642632,-106.377586,16303986,100,
395,Imanta Resort,Riviera Nayarit,20.813805,-105.47699,52464306,100,
396,One&Only Royal Mirage,Dubai,25.095036,55.149307,16690582,100,
397,Pearl Beach Hotels,St Jean,0,0,62392480,14.452743,
399,Cozumel Palace,Riviera Maya,0,0,37395575,100,
405,Hyatt Ziva Los Cabos,San Jose del Cabo,0,0,19500731,100,
406,Secret Bay,Dominica,15.545429,-61.472504,80844273,100,
410,Hyatt Regency Maui Resort & Spa,Maui,0,0,,0,
419,Curtain Bluff Resort,St. John's,17.013906,-61.844559,33815757,25.401445,
423,Scrub Island Resort Spa & Marina,British Virgin Islands,0,0,70405313,100,
425,Grand Hyatt Kauai Resort & Spa,Kauai,21.877188,-159.442337,31508135,24.751701,
437,Amankora,Thimpu,27.472792,89.639282,41381371,11.882048,
438,Grand Isle Resort & Residences,Exumas,23.616806,-75.910378,59563837,100,
440,Six Senses Zighy Bay,Zighy Bay,25.710018072094,56.272774126983,29642615,32.273262,
444,"Amandari, Bali",Ubud,-8.48854,115.24456,83175597,100,
445,Aman Villas at Nusa Dua,Bali,-8.812260612904,115.2111222,83022146,100,
446,"Copacabana Palace, A Belmond Hotel, Rio de Janeiro",Rio de Janeiro,0,0,24695095,100,
448,Amankila,Bali,-8.500833,115.527496,23788011,100,
449,Amanjiwo,Magelang,-7.631944,110.202499,67394764,100,
451,Amanwana,Moyo Island,-8.263011,117.498604,81895735,100,
454,"The Ritz-Carlton, St. Thomas",US Virgin Islands - St. Thomas,18.321271,-64.8456794,59044593,28.479008,
457,"The Cape, a Thompson Hotel",Cabo San Lucas,22.89784,-109.867905,22165106,23.022612,
459,Velas Vallarta Suite Resort,Puerto Vallarta,0,0,81286080,100,
461,"Mauna Kea Beach Hotel, Autograph Collection",Big Island of Hawaii,20.0061883,-155.8243885,22544160,30.47556,
462,"Fairmont Royal Pavilion, Barbados",St. James,13.2023712,-59.6404525,22136993,23.367216,
466,Hyatt Zilara Cancun,Cancun,0,0,,0,
471,Amanpuri,Phuket,7.9842,98.276314,10698400,100,
472,Thompson Playa del Carmen,Riviera Maya,20.628298,-87.072273,91744171,21.922392,
476,Anantara Dhigu Maldives Resort,Maldives,3.9714026,73.502359,47772582,31.0136,
478,"The Ritz-Carlton, Aruba",Aruba,12.5827568,-70.0443827,44655862,26.076141,
479,"The Brando, a Private Island",Tetiaroa Island,-16.995974,-149.582703,43475851,18.198162,
480,Velaa Private Island,Maldives,5.831371,73.209457,12846320,26.036213,
484,Bucuti & Tara Beach Resort,Aruba,12.541968315025,-70.061343230361,22601015,100,
487,Amangalla,Galla,6.028984,80.216995,82208204,100,
488,Anantara Veli Maldives Resort,Maldives,3.969836,73.503967,35317451,29.364386,
489,Banyan Tree Cabo Marques,Acapulco,16.794449,-99.855972,53106480,30.881287,
495,Six Senses Laamu,Maldives,1.8169,73.40567,73924880,30.45158,
496,Amanera,Puerto Plata,19.678541,-70.020226,29194593,100,
497,Grand Hyatt Playa Del Carmen,Riviera Maya,20.631205,-87.070007,97050400,23.517157,
498,"Casa Malca, Tulum",Tulum,20.132204,-87.464317,53940160,18.8849,
501,Amanbagh,Alwar,0,0,,0,
503,Niyama Private Islands Maldives,Maldives,2.680763,72.929245,13510797,33.5682,
504,Anantara Kihavah Maldives Villas,Maldives,5.295899,73.057086,30433106,32.365387,
505,Moon Palace Jamaica,Jamaica,18.411359328795,-77.105195661365,47230626,100,
507,Ladera Resort,Soufriere,13.8302269,-61.0515022,40352866,100,
509,Hyatt Ziva Cancun,Cancun,0,0,,0,
512,"The Westin Reserva Conchal, an All-Inclusive Golf Resort & Spa",Guanacaste,0,0,,0,
515,"Zemi Beach House, LXR Hotels & Resorts",Shoal Bay East,18.251478,-63.03727,45931211,100,
517,"Grace Hotel, Auberge Resorts Collection",Santorini,36.43349127657,25.420717492615,67400604,100,
522,Jamaica Inn,Ocho Rios,18.4138212,-77.0782542,34475062,14.309786,
524,The Tryall Club,Hanover,0,0,,0,
527,Amansara,Siem Reap,13.364952,103.860809,47323291,100,
531,Amandayan,Yunnan,0,0,,0,
535,Little Palm Island Resort & Spa,Florida Keys,24.665115,-81.387268,68582717,100,
536,Coral Sands Resort,Harbour Island,25.5036561,-76.6326427,73898480,15.298548,
545,Hard Rock Hotel Cancun,Cancun,21.090460936491,-86.770667630689,72765633,100,
546,The St. Regis Bora Bora Resort,Bora Bora,-16.485418,-151.698486,18742651,37.818535,
548,"The Ritz Carlton Oahu, Turtle Bay",Oahu,0,0,50940444,50,
550,Brush Creek Ranch,Saratoga,41.331581,-106.610771,67304866,100,
552,"Triple Creek Ranch, A Montana Hideaway",Montana,45.87994,-114.206848,36101280,24.117146,
554,"Vedema, a Luxury Collection Resort, Santorini",Santorini,36.375850189874,25.432272424932,82179004,30.475304,
555,"Santa Marina, a Luxury Collection Resort, Mykonos",Mykonos,37.418882514227,25.326065953967,76393324,27.787336,
561,Beach Enclave,Providenciales,21.785328,-72.235352,76985164,100,
567,Viceroy Snowmass,Aspen,39.209545,-106.944801,35593862,100,
568,HÃ´tel Lancaster,Paris,0,0,21703462,50,
577,Four Seasons Resort Lanai,Lanai,20.741388,-156.898346,12429942,21.225777,
579,Calabash Hotel,Saint George's,12.002193,-61.759838,89569815,100,
582,"Hotel Jerome, Auberge Resorts Collection",Aspen,39.191735544069,-106.81962833069,11683724,100,
591,Viceroy Los Cabos,San Jose del Cabo,23.045195,-109.700539,65811760,100,
599,Soneva Fushi,Maldives,5.111972,73.078049,16493862,100,
602,Soneva Jani,Maldives,5.712047,73.414528,47232582,100,
604,Andaz Mayakoba,Riviera Maya,20.693487,-87.029755,69300935,17.907608,
608,The Shore Club,Providenciales,21.793114,-72.151871,47031302,100,
609,Grand Velas Los Cabos,Cabo San Lucas,22.968128,-109.791939,75193953,100,
614,Aman Tokyo,Tokyo,35.68541,139.763092,87842764,100,
621,Nekupe Sporting Resort and Retreat,Nandaime,11.7010118,-86.0407976,23201680,18.337114,
623,Amanpulo,Palawan,11.352915,120.731155,26901164,100,
625,Il Sereno,Lake Como,45.858829,9.117395,15360800,13.229429,
627,Gyp Sea St. Barth,Colombier,17.916222,-62.863282,34995862,100,
641,"Chileno Bay Resorts & Residences, Auberge Resorts Collection",Cabo San Lucas,22.948372,-109.807663,29389415,100,
642,Four Seasons Resort Bora Bora,Bora Bora,-16.473131,-151.705673,17057713,37.806473,
644,"Mandarin Oriental, Canouan",Canouan Island,12.713392,-61.321514,94537666,100,
647,Hard Rock Hotel Riviera Maya,Riviera Maya,0,0,75666593,100,
648,Canouan Estate,Canouan Island,12.713367,-61.321579,62163917,22.544878,
650,Tierra Patagonia,Torres de Paine,-51.035809,-72.584068,25777095,15.526915,
652,Tierra Atacama,Antofagasta,-22.92277,-68.208351,84799015,17.030619,
653,Tierra Chiloe,Los Lagos,-42.463982,-73.676773,19245895,12.73856,
663,The Springs,Arenal,0,0,,0,
666,Amanwella,Tangalle,6.0061043,80.7776791,53706717,100,
670,Amanjena,Marrakech,31.6083306,-7.9339249,37291084,100,
674,The Royal at Atlantis,Paradise Island,0,0,90784000,100,
676,Amantaka,Luang Prabang,19.886658,102.135452,93197757,100,
677,Dreams Playa Mujeres Golf & Spa Resort,Playa Mujeres,21.262823552283,-86.8150116,64294546,100,
679,Amanoi,Ninh Thuan,11.710044,109.193024,13294000,100,
681,Amanemu,Shima,34.295067,136.795059,54796240,100,
682,Jicaro Island Ecolodge,Nicaragua,0,0,12085360,27.161526,
687,Be Tulum Resort & Spa,Tulum,20.138365884172,-87.461686447694,31954604,100,
688,"Arizona Biltmore, LXR Hotels & Resorts",Arizona,33.523944973439,-112.02334318836,20830971,100,
691,Necker Island,Necker Island,18.526781,-64.358704,88904466,21.434206,
692,Aman Summer Palace,Beijing,39.9333,116.400002,33135680,100,
693,Amanfayun,Hangzhou,30.237377,120.097328,22125564,100,
694,Paradise Beach Villas Nevis,Nevis,17.169172,-62.627655,17730011,21.640469,
696,Hotel Santa Caterina,Amalfi Coast,40.6294153,14.5928692,21720844,100,
697,Portrait Roma,Rome,41.905588926593,12.480792017532,91816706,100,
701,Ã€NI Dominican Republic,Puerto Plata,0,0,,0,
702,Le Taha'a Island Resort & Spa,Tahaa,-16.608494,-151.563324,71330262,13.3853655,
703,"Atlantis, The Palm",Dubai,25.1304426,55.1171498,40434891,100,
706,Sailrock Resort,South Caicos,21.535507,-71.497711,36993277,100,
707,Kimpton Seafire Resort & Spa,Seven Mile Beach,19.351482,-81.382835,61303073,24.172443,
708,The Little Nell,Aspen,39.186378,-106.817444,30376742,100,
711,InterContinental Tahiti Resort & Spa,Papeete,0,0,39324982,50,
733,Chable Yucatan,Merida,20.75486,-89.882599,17836811,100,
739,"Albany, The Bahamas",Nassau,25.003605,-77.508186,25323826,23.14156,
740,Unico Riviera Maya 20Â°87,Riviera Maya,20.443039,-87.340767,66021644,100,
748,InterContinental Bora Bora Resort & Thalasso Spa,Bora Bora,-16.5052016,-151.7014465,64707222,37.85639,
763,Secrets Papagayo Costa Rica,Guanacaste,10.602657744598,-85.647135134072,33597073,100,
767,"Rome Cavalieri, A Waldorf Astoria Hotel",Rome,41.919422490619,12.4464782,77918786,100,
769,"Mandarin Oriental, Milan",Milan,45.472043268915,9.1906871126527,61536502,25.938038,
779,Grand Hyatt Baha Mar,Nassau,25.0707874,-77.396625,32358844,26.628582,
780,The Sands at Grace Bay,Providenciales,21.7943482,-72.1868314,74604055,100,
783,ME Cabo,Cabo San Lucas,22.890102115654,-109.90427907326,10369997,100,
789,Four Seasons Resort Maldives at Kuda Huraa,Maldives,4.3302248,73.5980086,35577324,36.684963,
806,"The Ritz-Carlton, Grand Cayman",Seven Mile Beach,19.3359638,-81.379341,94450033,27.831251,
810,The Source Villas,Providenciales,0,0,,0,
813,"Madeline Hotel & Residences, Auberge Resorts Collection",Telluride,37.936814,-107.8473812,69504971,100,
844,"Myconian Avaton, a Member of Design Hotels",Mykonos,37.422088475258,25.396687997964,34527975,26.812716,
848,Manava Beach Resort & Spa Moorea,Moorea,-17.4804921,-149.8036256,77556466,27.441236,
851,Aman-i-KhÃ¡s,Rajasthan,26.0636546,76.4412208,80788695,100,
861,The St. Regis Aspen Resort,Aspen,39.1869176,-106.8233018,53331600,25.016533,
875,"Hacienda AltaGracia, Auberge Resorts Collection",Perez Zeledon,9.3328266,-83.5787172,98856902,100,
878,Park Hyatt Beaver Creek Resort and Spa,Colorado,0,0,28972215,34.592678,
889,Amanyangyun,Shanghai,31.0374608,121.3573889,38790946,100,
898,Aman Venice,Venice,45.436847,12.331991,38228033,100,
916,Le Blanc Los Cabos,Cabo San Lucas,22.9715083,-109.7854673,70535313,100,
925,Portrait Firenze,Florence,43.769053895409,11.253170885062,46182102,100,
929,Hotel Xcaret,Riviera Maya,20.587380144667,-87.112212146029,10427953,100,
934,Castello Banfi Wine Resort,Tuscany,42.980220629512,11.397822188185,48881186,100,
939,Silversands Grand Anse,Saint George's,12.0306525,-61.7533583,78209895,100,
951,Ka'ana Resort & Spa,San Ignacio,17.1215,-89.101377,86983015,100,
955,SLS Baha Mar,Nassau,25.071095333648,-77.397776123294,45843633,100,
958,Carmel Valley Ranch,Carmel Valley,36.520095147316,-121.8069806958,58199015,23.33886,
959,Montage Los Cabos,Cabo San Lucas,22.9299657,-109.8163735,92989313,100,
961,Hilton Moorea Lagoon Resort & Spa,Moorea,-17.4854623,-149.844312,79306091,23.459517,
962,"Lily Beach Resort & Spa, Huvahendhoo",Maldives,3.653372,72.953381,97608055,19.260475,
963,Hassler Roma,Rome,41.906229415127,12.484164778648,73088662,100,
967,COMO Uma Ubud,Bali,-8.4916281,115.2538628,30028557,100,
979,Chable Maroma,Riviera Maya,20.727278,-86.9687209,36502237,100,
980,Nanuku Resort Fiji,Viti Levu,-18.2341703,178.0851909,51681746,26.007896,
983,Point Grace,Providenciales,0,0,,0,
1006,Santo Pure Oia Suites & Villas,Santorini,36.464502662969,25.373918913285,31288571,100,
1102,"The House Barbados, By Elegant Hotels",St. James,0,0,76880833,14.348236,
1131,NOBU Hotel Miami Beach,Miami,25.819568,-80.121627,30345415,100,
1134,Soneva Kiri,Chang Wat Trat,11.6985592,102.5312147,80887495,100,
1137,Colony Club by Elegant Hotels,Barbados,0,0,,0,
1138,Kudadoo Maldives Private Island,Maldives,5.502619,73.433552,81163324,31.016201,
1139,Timbers Kauai Ocean Club & Residences,Kauai,21.9568089,-159.3452925,68785597,100,
1141,NOBU Hotel Los Cabos,Cabo San Lucas,22.8849373,-109.9835661,53724811,100,
1155,Sterling Lodge Deer Valley,Park City,0,0,19227404,16.504492,
1162,Raffles Maldives Meradhoo Resort,Maldives,0.5870794,73.0933325,34920880,31.215816,
1164,Eden Roc Miami Beach,Miami,25.819701,-80.122633,35985462,100,
1165,Mar Del Cabo by Velas Resorts,Cabo San Lucas,0,0,19941851,100,
1166,Isla Palenque,Boca Chica,7.7242995,-82.5785486,47814000,19.398571,
1167,Arenas del Mar Beachfront & Rainforest Resort,Central Pacific,9.397839,-84.1631426,55969746,30.147366,
1168,Kura Costa Rica,Uvita de Osa,9.1967976,-83.7463728,77348775,16.49517,
1171,Awasi Iguazu,Puerto IguazÃº,0,0,,0,
1173,Las Catalinas,Guanacaste,10.481448849974,-85.787012262278,11111173,100,
1174,"Capella Ubud, Bali",Bali,-8.448749,115.2687707,42651095,20.783615,
1181,Sweet Bocas,Bocas Del Toro,9.3563188,-82.2566492,22396615,12.740102,
1185,Casa Angelina,Amalfi Coast,40.6145363,14.5216818,77588331,100,
1186,Romeo Hotel,Naples,40.840920083756,14.25705608233,27981291,13.313107,
1191,"Solaz, a Luxury Collection Resort",Cabo San Lucas,22.9733198,-109.7836247,18325760,21.564512,
1192,W Costa Rica,Guanacaste,10.3977967,-85.8105426,37304364,19.610405,
1199,Thompson Zihuatanejo,Zihuatanejo,17.6313661,-101.5481347,14952993,24.503078,
1206,Ambergris Cay,Ambergris Cay,21.3046183,-71.6511954,29592066,100,
1207,"The Lodge at Blue Sky, Auberge Resorts Collection",Wanship,0,0,,0,
1214,"Mauna Lani, Auberge Resorts Collection",Big Island of Hawaii,19.9461423,-155.8666153,85026284,100,
1218,W Punta de Mita,Riviera Nayarit,0,0,30947280,13.398064,
1219,"Zadun, a Ritz-Carlton Reserve",San Jose del Cabo,23.0690028,-109.6476821,70798535,34.38399,
1220,InterContinental Dominica Cabrits Resort & Spa,Portsmouth,15.5906771,-61.4648992,36724811,25.968376,
1221,"Monasterio, A Belmond Hotel, Cusco",Cusco,-13.51528,-71.9769421,25195186,100,
1222,"Rio Sagrado, A Belmond Hotel, Sacred Valley",Cusco,-13.2905593,-72.1449406,13991917,100,
1223,"Miraflores Park, A Belmond Hotel, Lima",Lima,-12.1353173,-77.0272731,83693757,100,
1224,"Palacio Nazarenas, A Belmond Hotel, Cusco",Cusco,-13.5150633,-71.9774272,87413997,100,
1225,"Sanctuary Lodge, A Belmond Hotel, Machu Picchu",Aguas Calientes,0,0,,0,
1226,"Las Casitas, A Belmond Hotel, Colca Canyon",Yanque,-15.661466,-71.677254,87229586,100,
1227,Six Senses Yao Noi,Phang-nga,0,0,,0,
1228,Six Senses Samui,Surat Thani,0,0,,0,
1229,JW Marriott Los Cabos Beach Resort & Spa,San Jose del Cabo,0,0,53621153,17.905952,
1230,COMO Shambhala Estate,Bali,-8.4507832,115.2354507,74096546,100,
1231,Nayara Tented Camp,Arenal,0,0,,0,
1234,Four Seasons Los Cabos at Costa Palmas,Los Cabos,23.6095654,-109.5888744,23768513,31.273577,
1236,Hard Rock Hotel Los Cabos,Cabo San Lucas,22.8837003,-109.980781,67617644,100,
1238,The Liming Bequia,Bequia,12.9907548,-61.2713579,70514331,26.569174,
1249,The St. Regis Maldives Vommuli Resort,Maldives,2.911393,72.8661127,42945735,31.637194,
1253,Hurawalhi Private Island Maldives,Maldives,5.5226912,73.441101,81163324,20.050446,
1255,Hotel Barriere Le Carl Gustaf,Gustavia,17.8939095,-62.8496048,19446502,17.529207,
1261,Four Seasons Hotel Mexico City,Mexico City,19.4229885,-99.1742445,56989586,23.76612,
1265,Las Terrazas Belize Resort,San Pedro,17.966339976904,-87.930731591436,98470662,100,
1266,Fairmont Heritage Place Mayakoba,Riviera Maya,20.688419121054,-87.026633996545,39956237,29.659819,
1267,Conrad Maldives Rangali Island,Maldives,3.6167957,72.7228371,46059393,100,
1286,Hyatt Ziva Cap Cana,Punta Cana - Cap Cana,0,0,,0,
1289,Six Senses Fiji,Malolo Island,-17.7584111,177.1588095,56239997,28.35941,
1291,Pine Cay,Providenciales,21.8857,72.0883,34550571,50,
1292,Le Blanc Cancun,Cancun,21.126978584931,-86.753358220249,12528742,100,
1299,"Le Tahiti, by Pearl Resorts",Papeete,-17.5181085,-149.506609,23441484,25.03067,
1301,Grand Hotel Excelsior Vittoria,Sorrento,40.6281679,14.3753083,38140684,100,
1302,Namale Resort & Spa,Vanua Levu,-16.798065,179.372325,69662433,20.954948,
1305,COMO Uma Canggu,Bali,-8.654533,115.1259619,48165200,100,
1306,Anantara Uluwatu Bali Resort,Bali,0,0,55154444,30.040545,
1312,Six Senses Uluwatu,Bali,-8.84330728202,115.13012060742,65161040,28.072678,
1313,Caldera House,Jackson Hole,0,0,83971942,50,
1322,Canaves Epitome,Santorini,36.464563876501,25.37049272678,92081440,100,
1325,Hammock Cove Resort & Spa,Antigua,17.097939,-61.68127,29811837,100,
1329,One&Only Mandarina,Riviera Nayarit,20.978678085917,-105.33089728465,76857211,100,
1331,Banyan Tree Phuket,Phuket,8.0133386496158,98.295466657895,81675975,23.563187,
1336,Palmaia - The House of Aia,Riviera Maya,20.5974512,-87.0962334,35660866,100,
1337,Mykonos Grand Hotel & Resort,Mykonos,37.421200877682,25.31289774214,47567975,16.378805,
1340,Itz'ana Resort & Residences,Placencia,16.5612118,-88.3630537,15036251,100,
1347,One&Only Cape Town,Western Cape-Winelands-Cape town,33.9085,18.4165,36031015,50,
1352,"Vermejo, A Ted Turner Reserve",Raton,36.88487,-104.42822,77764273,100,
1355,W Aspen,Aspen,39.1864175,-106.8169166,63288673,19.37687,
1357,Stillpoint Lodge,Halibut Cove,59.592538,-151.2337588,95436226,19.125021,
1361,The Inn at Newport Ranch,Santa Ynes Valley,39.5773037,-123.777396,82344651,22.306326,
1362,Origins Lodges Costa Rica,Northern Area,10.7849719,-85.0652064,41553517,14.272909,
1363,Islas Secas,Gulf of ChiriquÃ­,7.9819832,-82.0333665,,0,
1364,Fogo Island Inn,Newfoundland,49.7304449,-54.1804293,84966833,20.383064,
1365,Four Seasons Resort Bali at Jimbaran Bay,Bali,-8.7844665,115.1573937,49793255,29.965961,
1366,Four Seasons Resort Bali at Sayan,Bali,-8.5016996,115.2439005,90978124,30.330732,
1371,Six Senses Zil Pasyon,Felicite,-4.3179723,55.8692252,36684422,37.89131,
1373,Dunton Hot Springs,Dunton,37.7729368,-108.0940133,28211575,26.597359,
1374,JOALI Maldives,Maldives,5.6079151,72.9527,67361437,24.46751,
1376,Edgewood Tahoe Resort,Nevada,38.9663579,-119.9486767,85965095,100,
1381,The Chateaux Deer Valley,Park City,40.6230556,-111.4886111,70242924,100,
1382,Fairmont Banff Springs,Banff,51.164322,-115.5618219,44317986,27.278934,
1383,Fairmont Chateau Lake Louise,Lake Louise,51.4177102,-116.2168765,81600502,21.881083,
1384,Fairmont Chateau Whistler,Whistler,50.1167702,-122.946043,80138022,20.66743,
1385,Fairmont Jasper Park Lodge,Jasper,52.8885424,-118.0525991,40660226,25.253338,
1390,Moskito Island,Moskito Island,18.5111481,-64.3993806,62428022,7.29961,
1395,"White Barn Inn, Auberge Resorts Collection",Kennebunk,0,0,37882262,50,
1396,"Scarp Ridge Lodge, Eleven Experience",Crested Butte,0,0,,0,
1397,One&Only Le Saint Geran,Poste de Flacq,-20.15964364958,57.756452561363,97715175,100,
1399,Taylor River Lodge,Almont,37.4674408,-105.916797,92912491,7.2976317,
1410,Conrad Bora Bora Nui,Bora Bora,-16.528831979453,-151.76774055396,65889884,42.165222,
1413,"Grand Hotel Timeo, A Belmond Hotel, Taormina",Sicily,37.856522,15.29956,54275495,100,
1415,"Villa San Michele, A Belmond Hotel, Florence",Florence,43.802784,11.298574,35099713,100,
1416,"Castello di Casole, A Belmond Hotel, Tuscany",Tuscany,43.096699,10.330838,96168957,100,
1417,"Caruso, A Belmond Hotel, Amalfi Coast",Amalfi Coast,40.651432,14.612981,45493997,100,
1418,"Villa Sant' Andrea, A Belmond Hotel, Taormina Mare",Sicily,37.854115,15.302806,74051851,100,
1419,"La Residencia, A Belmond Hotel, Mallorca",Mallorca,39.72049,2.589154,90113644,100,
1421,Bahama House,Harbour Island,25.500742973166,-76.636288112926,24611004,100,
1430,Conrad Punta de Mita,Riviera Nayarit,20.792334,-105.487717,28856742,100,
1432,Six Senses Douro Valley,Douro Valley,41.105125,-7.919718,80430455,30.394882,
1433,Six Senses Residences & Spa Courchevel,Courchevel,44.014484,-7.795093,57438775,50,
1435,Myconian Imperial - Leading Hotels of the World,Mykonos,37.421884489755,25.393288613305,52512433,18.428415,
1440,Myconian Kyma,Mykonos,37.437497857569,25.329790011459,17851280,25.082201,
1443,Eleven Sopris House,Crested Butte,0,0,,0,
1448,Villa La Massa,Florence,43.76506,11.333699,63497346,100,
1449,HÃ´tel BarriÃ¨re Le Majestic,Cannes,43.55151,7.020055,59060684,10.019458,
1450,Chalet Hibou,Le Miroir,0,0,,0,
1451,Chalet Pelerin,Le Miroir,45.6025737,6.8860931,95680124,17.285282,
1455,Myconian Korali,Mykonos,37.437398952347,25.329215913305,27507393,19.577677,
1456,Kivotos Hotel & Villas Mykonos,Mykonos,37.420759757145,25.320820361363,19075360,23.811947,
1457,Brunelleschi Hotel,Florence,43.772351276198,11.255812915339,89976491,100,
1460,"Reid's Palace, A Belmond Hotel, Madeira",Madeira,32.673805,-16.943396,12705200,100,
1462,HÃ´tel Bowmann,Paris,46.077293,-17.648914,31577666,50,
1465,"The St. Regis, Bermuda",St George's,32.390236034904,-64.674653446036,12186193,23.721962,
1466,Myconian Panoptis Escape - Small Luxury Hotels of the World,Mykonos,37.423403910155,25.390308015151,41417404,31.23455,
1467,Royal Myconian,Mykonos,37.423244393638,25.390289294199,47017346,19.06912,
1468,Myconian Utopia Relais & Chateaux,Mykonos,37.423404389652,25.394692540294,89374800,33.491642,
1469,Myconian Villa Collection,Mykonos,37.422416474362,25.39499209981,65064102,20.872494,
1470,Myconian Naia,Mykonos,37.436649916484,25.32924809981,33487953,26.412231,
1471,Mykonos Riviera Hotel & Spa,Mykonos,36.460063747173,28.219754902316,27725895,10.431699,
1472,Deplar Farm,Troll Peninsula,65.945343,-18.941402,10565942,16.25095,
1473,Canaves Oia Suites,Santorini,36.46234201387,25.382466116815,81403986,100,
1474,Canaves Ena,Santorini,36.4623390817,25.384681897945,40006000,100,
1475,Canaves Sunday,Santorini,36.462044004999,25.378936291367,89493095,19.65892,
1476,Elounda Gulf Villas,Crete,35.242078675477,25.728367846022,65037291,24.029533,
1477,One&Only Portonovi,Hercegnovi,42.434593,18.599228,22228844,100,
1479,COMO Castello Del Nero,Tuscany,43.091541,10.95112,33013382,100,
1488,Presidente InterContinental Cozumel,Cozumel,20.4647958,-86.9824215,90289782,22.486368,
1500,Sensira Resort & Spa Riviera Maya,Riviera Maya,20.907764,-86.84774,13145931,100,
1501,Waldorf Astoria Park City,Park City,40.6903156,-111.5501855,62081564,100,
1503,"Grand Wailea, A Waldorf Astoria Resort",Maui,20.6843565,-156.4403719,15113142,100,
1504,Capri Tiberio Palace,Capri,40.5509623,14.2470503,18782626,100,
1510,"Mayflower Inn & Spa, Auberge Resorts Collection",Washington,41.631097103164,-73.306226238637,46579837,100,
1514,Therasia Resort Sea & Spa,Sicily,8.4283119,14.9564796,32501906,50,
1517,Four Seasons Resort Maldives at Landaa Giraavaru,Maldives,5.2865522464336,73.112279542291,72689073,37.7749,
1518,"Bishopâ€™s Lodge, Auberge Resorts Collection",Santa Fe,0,0,96272273,100,
1520,Sumaq Machu Pichu Hotel,Machu Picchu Pueblo,-13.153244869617,-72.527793646034,90933520,100,
1527,"NEW Hotel, a Member of Design Hotels, Athens",Athens,37.974161141379,23.733430669318,29269655,100,
1531,"Finca CortesÃ­n Hotel, Golf & Spa",Casares,36.399069,-5.2238984,67982400,15.671896,
1532,"Le Roch Hotel & Spa, Paris",Paris,48.8661957,2.3328756,11111532,100,
1533,"Istoria, a Member of Design Hotels, Santorini",Santorini,36.347082402119,25.465455361363,16516924,100,
1534,"Mystique, a Luxury Collection Hotel, Santorini",Santorini,36.462154638734,25.38533732678,75846717,27.362978,
1535,"Parilio, a Member of Design Hotels, Paros",Paros,37.120992485178,25.213020297958,90066444,100,
1536,Periscope Athens,Athens,37.978436303116,23.744015855646,98367931,100,
1537,Hyatt Zilara Cap Cana,Punta Cana - Cap Cana,0,0,,0,
1538,COMO Metropolitan Miami Beach,Florida,0,0,40699506,33.51575,
1539,Hotel Byron,Forte dei Marmi,43.950174578184,10.177082653982,56406524,100,
1541,Six Senses Shaharut,Israel,29.916647950229,35.005942284658,88723415,50,
1544,Jewel Grande Montego Bay Resort & Spa,Montego Bay,18.525543067492,-77.828669834397,37636251,100,
1547,Myconian Ambassador Relais & Chateaux Hotel,Mykonos,37.415686535509,25.343373455634,49008557,29.949745,
1549,Galley Bay,St. John's,0,0,71495255,100,
1550,Amrit Ocean Resort and Residences,Palm Beach,26.78765,-80.0345862,76979542,100,
1552,"One&Only Nyungwe House, Rwanda",Nyungwe,-2.446958,29.103924,17420055,26.466385,
1555,"The Ritz-Carlton, Turks & Caicos",Providenciales,21.796754,-72.1784844,30051153,35.475616,
1556,"The Cliff Hotel, Negril, Jamaica",Negril,18.243201,-78.356553,61663313,13.545276,
1557,SLS Cancun,Cancun,21.1578576,-86.7978715,77952960,100,
1558,Porto Zante Villas & Spa,Zakynthos,37.826458700471,20.852439915341,76013164,24.244877,
1559,Daios Cove,Crete,35.147319364257,25.720152830682,24285393,22.874334,
1560,Kivotos Hotel & Villas Santorini,Santorini,36.482737324763,25.427424918108,92502055,24.23894,
1561,Beach Palace Cancun,Cancun,21.114709917507,-86.759106211638,81342626,100,
1563,Sun Palace,Cancun,0,0,,0,
1565,Moon Palace The Grand - Cancun,Cancun,20.9787281356,-86.834207148537,26313175,100,
1566,Regent Porto Montenegro,Tivat,42.434413565887,18.693414169309,90138455,27.216465,
1571,Nayara Bocas del Toro,Bocas Del Toro,9.2388810878636,-82.217956994325,34061655,100,
1584,"Sierra Grande, A Ted Turner Retreat",Truth or Consequences,0,0,,0,
1587,"Le Bora Bora, by Pearl Resorts",Bora Bora,-16.47513821108,-151.77239346932,28917531,36.102787,
1589,InterContinental Bora Bora Le Moana Resort,Bora Bora,-16.5422143,-151.7359516,22684866,39.536415,
1590,Te Moana Tahiti Resort,Papeete,-17.6026364,-149.6132572,30203895,29.240639,
1605,"Mount Nelson, A Belmond Hotel, Cape Town",Western Cape-Winelands-Cape town,-33.9320559,18.4116404,58859335,100,
1632,Fairmont El San Juan Hotel,San Juan,18.4433021,-66.0179811,50773280,23.461626,
1637,"Casa de Sierra Nevada, A Belmond Hotel",San Miguel de Allende,20.912815,-100.742348,61247222,100,
1638,Belmond Safaris,Botswana,0,0,94397691,100,
1639,"Grand Hotel Europe, A Belmond Hotel, St Petersburg",Russia,59.935822,30.330753,82145222,100,
1641,Halepuna Waikiki by Halekulani,Oahu,0,0,55788397,50,
1642,Clayoquot Wilderness Lodge,Vancouver Island/Coast,49.365675,-125.778222,48552455,25.072353,
1644,PhÄea Blue Palace,Crete,35.2937131,25.7260175,12302742,100,
1662,"The Vanderbilt, Auberge Resorts Collection",Newport,41.4882281,-71.3134471,33813175,100,
1663,Hilton Hotel Tahiti,Papeete,-17.5454375,-149.588379,97103691,17.931332,
1666,One&Only Wolgan Valley,Wolgan Valley,-33.2523008,150.1959892,81203920,100,
1668,Hotel Xcaret Arte,Riviera Maya,20.5888234,-87.1090862,64677782,100,
1671,3 Spear Ranch,Dubois,0,0,,0,
1672,"Element 52, Auberge Resorts Collection",Telluride,37.9367675,-107.8175354,26897142,100,
1673,Rosewood Le Guanahani,Grand Cul de Sac,17.912349890072,-62.804075789017,33497313,21.187721,
1674,Hyatt Ziva Riviera Cancun,Riviera Maya,0,0,63644284,100,
1675,Six Senses Ibiza,Ibiza,39.110388,1.5088591,32536342,21.1559,
1678,Aman Kyoto,Kyoto,35.051054454224,135.73227306761,64701553,19.874332,
1679,JOALI Being,Maldives,5.5073549,72.9689398,19931917,26.803041,
1681,Royal Davui Island Resort,Royal Davui Island,-18.433390214159,178.07482301786,37391964,24.488747,
1682,NIHI Sumba,Sumba Island,-9.7768155596626,119.37696499156,44043382,26.812716,
1683,"Le Tikehau, by Pearl Resorts",Tikehau,-15.105759984617,-148.20009382276,31932011,26.421724,
1684,Snowmass Mountain Lodging,Aspen,39.2095774,-106.9477512,22054331,24.754004,
1686,One&Only Desaru Coast,Desaru,1.5308355,104.2767672,29014706,100,
1691,Hana-Maui Resort,Maui,20.754252,-155.9872211,21408546,21.820793,
1692,Hyatt Regency Waikiki Beach Resort & Spa,Oahu,21.2760834,-157.8253554,34355691,26.386621,
1701,La Casa de la Playa,Riviera Maya,20.6297501,-87.0873939,97284993,100,
1704,"Patina Maldives, Fari Islands",Maldives,4.6267139593918,73.5690011,43877553,37.74989,
1706,Waldorf Astoria Maldives Ithaafushi,Maldives,4.0144859811834,73.382989184658,99120317,100,
1711,Il San Pietro di Positano,Amalfi Coast,40.62384888533,14.503795584658,71457680,100,
1727,Anantara Maia Seychelles Villas,Anse Louis,-4.7158608593034,55.479210453964,40697382,31.675426,
1731,Andronis Luxury Suites,Santorini,36.461807,25.3801809,44611760,21.118446,
1735,Anantara Bazaruto Island Resort,Inhambane,-21.7048015,35.4470672,90214397,25.632435,
1738,"Mango House Seychelles, LXR Hotels & Resorts",Mahe,-4.74357,55.473623,19894731,33.73835,
1740,"Primland Resort, Auberge Resorts Collection",Meadows of Dan,36.6617827,-80.4318697,50354571,100,
1741,COMO Metropolitan Bangkok,Thailand,13.7234952,100.539193,16416102,26.134182,
1749,"EtÃ©reo, Auberge Resorts Collection",Riviera Maya,20.720605,-86.984075,89092102,100,
1752,"The St. Regis, Mexico City",Mexico City,0,0,14905724,34.4459,
1761,Angsana Corfu,Corfu,39.5516408,19.9101857,84376593,100,
1762,"Domes of Elounda, Autograph Collection",Crete,35.2894073,25.729406,46009437,33.326767,
1763,"Domes Noruz Chania, Autograph Collection",Crete,0,0,52856502,45.055122,
1764,"Domes Zeen Chania, a Luxury Collection Resort, Crete",Crete,35.5085113,23.9971075,75378455,38.281925,
1767,Garza Blanca Resort & Spa Cancun,Cancun,21.2305923,-86.8034625,10057691,100,
1770,Hideaway Beach Resort and Spa Maldives,Maldives,6.8441281,73.0494689,45403393,18.428719,
1772,Andronis Boutique Hotel,Santorini,36.4619681,25.3779356,29072877,17.809187,
1773,Boardwalk Boutique Hotel Aruba,Noord,12.5828272,-70.0420925,45374273,100,
1774,Andronis Concept Wellness Resort,Santorini,36.438076,25.4239616,37250466,28.099108,
1775,Andronis Arcadia,Santorini,36.4638217,25.3754549,30101840,100,
1781,Acron Villas,Paros,37.1256632,25.2048771,49085360,19.715778,
1782,A77 Suites by Andronis,Athens,37.974218,23.7292967,94632455,27.075245,
1784,"Domes of Corfu, Autograph Collection",Corfu,39.5921358,19.810322,74009153,32.22448,
1785,"Domes Miramare, a Luxury Collection Resort, Corfu",Corfu,39.4895147,19.9274131,75533495,32.996464,
1788,"Napasai, A Belmond Hotel, Koh Samui",Surat Thani,9.583591,99.973648,18943746,100,
1789,"Jimbaran Puri, A Belmond Hotel, Bali",Bali,-8.773575,115.16893,40343655,100,
1795,"Hotel das Cataratas, A Belmond Hotel, Iguassu Falls",Foz do IguaÃ§u,-25.684244,-54.438362,32100295,100,
1805,The Aerial BVI,Buck Island,18.4235048,-64.5584825,83572811,9.828688,
1827,Grand Hotel Portovenere,Portovenere,44.0523071,9.8365144,63211313,19.021275,
1834,Sina Maria Luigia,Parma,44.807303,10.3309179,93920055,28.169046,
1836,Rock House,Providenciales,21.7866039,-72.2418975,45156593,100,
1838,Conrad Tulum Riviera Maya,Tulum,20.35914,-87.33784,57309520,100,
1854,Myconian O,Mykonos,37.4227364,25.320731,71753906,20.235106,
1855,Grand Hyatt Vail,Vail,0,0,11052342,50,
1857,Hotel Plaza e de Russie,Viareggio,43.8677507,10.2434853,17940971,100,
1859,"Venice Simplon-Orient-Express, A Belmond Train",Italy,0,0,,0,
1862,Grand Hotel Tremezzo,Lake Como,45.9849187,9.2283599,86047724,100,
1863,Baglioni Hotel Luna,Venice,45.4330635,12.3372383,48694044,100,
1864,Baglioni Hotel Regina,Rome,41.9070043,12.4897558,35318491,100,
1865,Palazzo Firenze by Baglioni Hotels & Resorts,Florence,43.7699928,11.2623128,53201840,100,
1866,Baglioni Resort Maldives,Maldives,2.9471423,72.9146844,31846946,100,
1867,Hotel El Palace Barcelona,Barcelona,41.3915035,2.1715182,48914160,13.289787,
1868,The Boca Raton Resort,Boca Raton,26.3419485,-80.0774959,31009244,100,
1869,Botania Relais & Spa,Ischia,40.7527001,13.8795347,65788135,23.639282,
1870,Palazzo Margherita,Bernalda,40.4074375,16.6871911,51008651,18.684702,
1878,Hotel Lungarno,Florence,43.767983718134,11.251749798689,30379622,100,
1879,Ca' Sagredo Hotel,Venice,45.440940127557,12.335007222458,97385964,20.39141,
1896,Continentale,Florence,43.768779850161,11.254184752109,70980171,100,
1897,Gallery Art Hotel,Florence,3.45351973133,76.536463756164,38042753,50,
1901,Villa Franca Positano,Amalfi Coast,40.628393703591,14.484865546457,28339782,100,
1905,Baglioni Resort Sardinia,Sardinia,40.8219537,9.6741395,12005702,100,
1906,"Goldener Hirsch, Auberge Resorts Collection",Park City,40.623054845282,-111.48929412853,37185840,100,
1909,Palazzo Avino,Amalfi Coast,40.651546809542,14.612528658188,80420157,22.46656,
1917,Waldorf Astoria Panama,Panama City,8.9769353,-79.5246309,59928764,100,
1919,Sheldon Chalet,Denali National Park,63.664077399775,-150.98204644294,,0,
1920,ChÃ¢teau Saint-Martin & Spa,Vence,43.7310109,7.1066217,23268891,100,
1921,Paradisus Los Cabos,San Jose del Cabo,0,0,12230000,100,
1922,"Six Senses Kaplankaya, Turkey",Bodrum,37.3114242,27.4100513,38860593,31.171402,
1924,Canaves Elefas Villas,Santorini,36.4282845,25.4270179,27955462,17.173716,
1934,HÃ´tel BarriÃ¨re Le Normandy Deauville,Normandy,49.3600844,0.0713595,94013120,17.173666,
1938,"Cala Beach Resort, Tuscany",Tuscany,42.8062994,10.7379824,11111938,100,
1940,The Royal Livingstone Anantara,Victoria Falls,-17.914911,25.864338,91334524,15.756052,
1945,Petasos Beach Resort & Spa,Mykonos,37.4143068,25.3417195,11395724,22.381483,
1947,The Yeatman Hotel,Porto,41.133960134263,-8.613182661377,58148651,100,
1948,The One PalÃ¡cio da Anunciada,Lisbon,38.7173074,-9.1411617,49657644,100,
1952,"The Ocean Club, a Luxury Collection",Puerto Plata,19.769874519229,-70.515996784657,30745117,18.512608,
1953,Alaia Belize,Ambergris Caye,17.905228,-87.975204,54258535,19.315193,
1957,Golden Rock Dive and Nature Resort,Oranjestad,17.487682037203,-62.955150746018,35861920,100,
1963,Hotel Mousai Puerto Vallarta,Puerto Vallarta,20.5529487,-105.2632223,52047437,100,
1964,Garza Blanca Preserve Resort & Spa,Puerto Vallarta,20.553895,-105.2644638,70336342,100,
1965,Villa del Palmar Luxury Beach Resort & Spa Cancun,Cancun,21.232798150126,-86.803784526985,38175222,100,
1969,Banyan Tree Samui,Surat Thani,9.4727095,100.0687924,14250146,100,
1970,Hilton Seychelles Northolme Resort & Spa,Mahe,4.5922623,55.4317498,18242880,50,
1994,"LUX* South Ari Atoll, Maldives",Maldives,3.5031313781157,72.896687536605,71739222,100,
1997,iFeel Athens,Athens,37.9782688,23.7245625,12734226,10.83627,
1998,Hilton Seychelles Labriz Resort & Spa,Silhouette Island,-4.48113,55.248247,92638113,29.267576,
2003,Capella Hanoi,Hanoi,21.0257164,105.8566886,42632993,20.816448,
2007,Palm Heights,Seven Mile Beach,19.3277571,81.3820858,86950444,50,
2010,Viceroy Bali,Bali,-8.4928049505662,115.27633985397,41018444,100,
2014,Saint James Paris,Paris,48.8706168,2.2796401,47625255,22.156055,
2015,"Cosme, a Luxury Collection Resort, Paros",Paros,37.125742256052,25.248743,23627953,30.044657,
2020,COMO Metropolitan London,London,51.5050499,-0.1499958,96825644,100,
2021,Atelier Playa Mujeres,Playa Mujeres,21.2531223,-86.8121643,82236753,100,
2023,HÃ´tel MÃ©tropole GenÃ¨ve,Geneva,46.2035,6.151903,17328706,50,
2026,Galleria Vik Milano,Milan,45.466233572703,9.1892765539712,64138833,28.927437,
2028,Six Senses Shaharut DNU,Israel,0,0,,0,
2031,NOÅªS Santorini,Santorini,36.402193696929,25.4510434,54095142,100,
2039,Paradero Todos Santos,Todos Santos,0,0,,0,
2044,"Le Nuku Hiva, by Pearl Resorts",Nuku Hiva,-8.9163857831285,-140.1092305,75943920,32.840275,
2050,The Milestone Hotel & Residences,London,51.502679289834,-0.18660024429083,67248866,100,
2051,Hotel 41,London,51.499369396974,-0.1437193749393,63160400,100,
2052,The Sense Experience Resort,Tuscany,42.940569465886,10.713618116575,81336171,100,
2053,"Susurros del CorazÃ³n, Auberge Resorts Collection",Riviera Nayarit,20.755895691991,-105.47858316932,27261360,100,
2054,Coquillade Provence Resort & Spa,Provence,43.880982104691,5.3164424920507,85385746,100,
2058,Tivoli Avenida Liberdade,Lisbon,38.721479837423,-9.1471791,30459484,25.210695,
2060,Anantara Vilamoura Algarve Resort,Algarve,37.103139,-8.142139,51223600,30.121296,
2061,Anantara Villa Padierna Palace BenahavÃ­s Marbella Resort,Marbella,36.475722,-5.053472,97458673,28.79395,
2063,Passalacqua,Lake Como,45.860846024428,9.0991446306836,70390800,100,
2066,Waldorf Astoria Cancun,Riviera Maya,20.952233475485,-86.836670816483,19981586,100,
2069,O2 Beach Club & Resort,St. Lawrence Gap,0,0,81509197,100,
2086,Black Urchin,Bodden Town,0,0,30313862,100,
2102,Nobu Hotel Santorini,Santorini,36.449825561565,25.425511072476,61235531,100,
2114,Atlantis The Royal,Dubai,25.138725464374,55.127241915342,30488397,100,
2115,Casa Chable,Riviera Maya,19.862060182695,-87.439642122254,61127713,100,
2117,Palacio de los Duques Gran MeliÃ¡,Madrid,40.420552969522,-3.7098059460253,94241793,100,
2118,Hotel FÃ©nix Gran MeliÃ¡,Madrid,40.427204010138,-3.6892207846555,97926720,100,
2120,"Stanly Ranch, Auberge Resorts Collection",Napa,0,0,99671095,50,78365440
2122,The Athenaeum Hotel & Residences,London,51.505131800742,-0.14749896931644,38796342,100,
2123,Portrait Milano,Milan,45.468792922122,9.1971814693164,83883837,100,
2124,Hotel Metropole Venice,Venice,45.434967596951,12.345060323291,21349451,100,
2127,Villa Flori,Lake Como,45.828876402247,9.0700701693109,77977382,14.585712,
2128,Vista Palazzo Lago di Como,Lake Como,45.814187891529,9.0816485920507,41327095,28.367813,
2129,Vista Palazzo Verona,Verona,45.441646057696,10.999491815866,34074626,22.359936,
2130,Athens Capital Center Hotel - M Gallery,Athens,37.9767942,23.7361477,62466135,16.536213,
2132,Castelfalfi,Tuscany,43.549684871367,10.855789738633,86947520,100,
2137,Hotel Splendide Royal  Roma,Rome,41.908614241545,12.486826930684,56065655,100,
2139,Parco dei Principi Grand Hotel & Spa,Rome,41.91843460207,12.491656653966,15401371,27.175156,
2142,Casa Maat at JW Marriott Los Cabos Beach Resort & Spa,San Jose del Cabo,0,0,53621153,17.905952,
2143,Goldwynn Resort & Residences,Nassau,25.07129767371,-77.384607693286,23845280,100,
2160,The St. Regis Deer Valley,Park City,40.638555385609,-111.47736266138,47971771,27.417456,
2163,Kisawa Sanctuary,Inhambane,-21.911138352627,35.445774776634,47725600,23.93549,
2165,"Melia Serengeti Lodge, Melia Collection",Arusha,-2.4711152046753,34.546191623294,89184673,100,
2169,Hotel VilÃ²n,Rome,41.905019320334,12.476709615342,32186080,100,
2170,Maalot Roma,Rome,41.901019398522,12.481893169316,17206786,100,
2171,UmiltÃ  36,Rome,41.900046850439,12.482239338633,21346960,100,
2172,Baglioni Masseria Muzza,Puglia,40.169864733287,18.4590424,96721517,100,
2173,Casa Baglioni,Milan,45.473232506995,9.1925888,20563655,100,
2175,HÃ´tel Vernet,Paris,48.873181359321,2.2978936,42547360,14.268087,
2176,HÃ´tel De Sers,Paris,48.868852143196,2.300384,47018342,100,
2177,HÃ´tel Bel Ami,Paris,48.855633507244,2.3330485079325,89183255,100,
2178,HÃ´tel Montalembert,Paris,48.85705912971,2.3277250539664,93363037,100,
2179,Banyan Tree Krabi,Krabi,8.0957131439526,98.748280284661,80871506,100,
2180,HÃ´tel Edouard 7,Paris,48.868969871088,2.333098,25557302,100,
2182,"Andean Explorer, A Belmond Train",Cusco,0,0,,0,
2183,Excelsior Palace Portofino Coast,Rapallo,44.343575781703,9.2298509460336,88906695,27.798601,
2198,Grand Hotel Minerva,Florence,43.774369819891,11.249076515342,91560866,100,
2202,Six Senses Rome,Rome,41.899266215184,12.481644261367,87682982,26.309912,
2206,1 Hotel Hanalei Bay,Kauai,22.221318034376,-159.49718024602,20631746,100,
2207,NOBU Hotel Marrakech,Marrakech,31.623074364767,-8.0006145693098,28757222,100,
2215,Santo Mine Oia Suites,Santorini,36.463252228103,25.371547,48703575,100,
2217,Grand Hotel Victoria Concept & Spa,Lake Como,46.021362201905,9.2411823619073,63822306,100,
2219,Grand Hotel Bristol,Rapallo,44.34422579851,9.2445428,18476364,100,
2221,Katikies Santorini,Santorini,36.462732320294,25.382573915344,64127611,100,
2222,Katikies Garden Santorini,Santorini,36.422018122039,25.430080354502,92426204,100,
2223,Katikies Villa Santorini,Santorini,36.46288263349,25.380980530155,64004604,23.063782,
2224,Katikies Kirini Santorini,Santorini,36.461587142552,25.387712642275,99406800,100,
2225,Katikies Mykonos,Mykonos,37.423736327224,25.308235,98576353,100,
2227,Katikies Chromata,Santorini,36.432489585743,25.424626361375,38104695,100,
2228,Borgo Santo Pietro,Tuscany,43.144249508513,11.128622761362,62988742,100,
2229,Santorini Secret Suites & Spa,Santorini,36.462937832925,25.380403338638,79967884,100,
2230,Secret View Hotel,Santorini,36.465368348819,25.392148253979,97389942,14.858692,
2232,Creta Maris Resort,Crete,35.324823542226,25.386715069319,61759666,100,
2234,Tafoni Houses Cave Hotel,Cappadocia,38.627382604365,34.868970980161,49827277,26.31437,
2245,The Rubens at the Palace,London,51.49856840017,-0.14338201534563,61456011,100,
2246,"Armendaris, A Ted Turner Reserve",Raton,0,0,,0,
2247,"Ladder, A Ted Turner Reserve",Caballo,0,0,,0,
2251,Saint Peter's Bay,Little Battaleys,0,0,,0,
2254,One&Only KÃ©a Island,Kea Island,0,0,10487277,100,
2256,"The St. Regis Kanai Resort, Riviera Maya",Riviera Maya,20.719693965784,-86.988986992074,88045426,33.35314,
2257,One&Only Aesthesis,Athens,37.858017833514,23.750321315345,80893837,100,
2260,Grand Hotel Fasano,Lake Garda,45.624971041518,10.573771146035,96985520,100,
2261,"The Ritz-Carlton Maui, Kapalua",Maui,21.002029948195,-156.65409274213,75461175,28.451288,
2266,Baglioni Hotel London,London,51.502156100294,-0.18441602327187,74344880,20.491844,
2272,"The Inn at Matteiâ€™s Tavern, Auberge Resorts Collection",Los Olivos,34.668194808452,-120.11737564604,36543520,100,
2274,Fairmont San Francisco,San Francisco,37.792949266788,-122.41035846931,39610811,22.99443,
2280,Parco dei Principi Sorrento,Sorrento,40.633719125624,14.388413415345,89316091,100,
2290,Grand Hotel Majestic Gia Baglioni,Bologna,44.496387499938,11.3427008,62971702,100,
2297,Island House LVM,Providenciales,21.796176,-72.183394,86538993,7.181583,
2301,Forte Village Hotel Il Castello,Sardinia,38.937118571763,8.930522,11731600,15.156426,
2302,Forte Village Hotel Castello Garden Bungalows,Sardinia,38.937118571763,8.930522,97097346,14.88077,
2303,Forte Village Hotel Castello Suites,Sardinia,38.937118571763,8.930522,97097346,14.88077,
2304,Forte Village Waterfront Suites,Sardinia,38.937118571763,8.930522,97097346,14.88077,
2305,Forte Village Hotel Le Dune,Sardinia,38.937118571763,8.930522,74375611,15.340181,
2306,Forte Village Villa del Parco Hotel & Spa,Sardinia,38.937118571763,8.930522,17028342,16.656101,
2307,Forte Village Hotel Pineta,Sardinia,38.937118571763,8.930522,97097346,14.88077,
2308,Forte Village Hotel Il Borgo,Sardinia,38.937118571763,8.930522,97097346,14.88077,
2309,Forte Village Hotel Le Palme,Sardinia,38.937118571763,8.930522,97074411,15.092594,
2310,Forte Village Hotel Bouganville,Sardinia,38.937118571763,8.930522,97097346,14.88077,
2311,Forte Village Villas in Sardinia,Sardinia,38.937118571763,8.930522,97097346,14.88077,
2315,La RÃ©serve Paris â€“ Hotel and Spa,Paris,48.870369710085,2.3131989693087,33603531,100,
2320,Anantara Palazzo Naiadi Rome Hotel,Rome,41.902965468858,12.49594916931,23182055,29.155996,
2322,Anantara Convento di Amalfi Grand Hotel,Amalfi Coast,40.635417515109,14.597714961508,99554146,29.340761,
2323,COMO Laucala Island,Laucala Island,0,0,52580662,11.724879,
2324,Big Island Villa on Kailua Bay,Big Island of Hawaii,0,0,22399724,26.294813,
2325,Reid Creek Lodge,Douglas,0,0,,0,
2328,Grand Velas Boutique Hotel Los Cabos,Cabo San Lucas,22.968482062311,-109.79142654604,75193953,28.749073,
2329,"Bab Al Shams, A Rare Finds Desert Resort, Dubai",Dubai,24.817670147598,55.23111283862,82540226,100,
2332,Nayara Hangaroa,Hanga Roa {Isla de Pasqua),-27.150176169551,-109.43926039207,77900317,100,
2333,Nayara Alto Atacama,San Pedro de Atacama,-22.888975658289,-68.217662584655,97655302,100,
2334,Dreams Natura Resort & Spa,Riviera Maya,20.937725025461,-86.83958730793,89050775,100,
2335,Impression Isla Mujeres by Secrets,Isla Mujeres,21.231419049076,-86.73070723069,77435862,100,
2336,Impression MoxchÃ© by Secrets,Riviera Maya,20.659223680665,-87.03972036931,82489771,100,
2337,Secrets MoxchÃ© Playa Del Carmen,Riviera Maya,20.63260582678,-87.080788830691,60008833,100,
2338,Secrets St Martin Resort & Spa,Anse Marcel,18.114921803089,-63.040199976728,64114673,100,
2339,Borgo San Luigi,Tuscany,0,0,76319757,28.761608,
2340,Secrets Cap Cana Resort & Spa,Punta Cana - Cap Cana,18.484740221407,-68.395669857699,47376240,100,
2341,Ultimate Provence,Provence,43.337772242018,6.4326049306913,46592044,100,
2342,ChÃ¢teau de Berne,Provence,43.515428788808,6.3656032386175,32422215,100,
2344,Hyatt Zilara Riviera Maya,Riviera Maya,20.697442759528,-87.016270003739,23008524,100,
2346,Palazzo Shedir,Rome,41.904873500309,12.475710934358,58749302,8.881386,
2349,LUX* Grand Baie,Mauritius,-19.999830275408,57.582799723275,94780091,100,
2350,ZoÃ«try Marigot Bay St. Lucia,Marigot Bay,13.965352332437,-61.023037472786,30890171,100,
2351,Our Habitas Tulum,Tulum,20.186118948019,-87.443859085166,53952044,100,
2352,Our Habitas Bacalar,Bacalar,18.617272625697,-88.432592388084,53048720,100,
2353,Our Habitas Atacama,San Pedro de Atacama,-22.904019871273,68.204982176725,69679051,50,
2354,Habitas AlUla,Saudi Arabia,26.762801303111,37.858929657769,76030593,100,
2355,Caravan by Habitas AlUla,Saudi Arabia,26.756585487607,37.877346976725,95496411,100,
2356,Caravan by Habitas Agafay,Agafay Desert,31.459449773345,-8.1944643732029,36292342,100,
2357,Caravan by Habitas Dakhla,Dakhla,23.914846363465,-15.781397438625,71219324,100,
2358,Habitas Namibia,Namibia,-22.607643639894,17.690481157559,31189920,100,
2359,Our Habitas San Miguel de Allende,San Miguel de Allende,0,0,16305644,100,
2362,Six Senses Crans-Montana,Crans Montana,46.310008305955,7.463676127243,31319931,33.446274,
2363,Isla Bella Beach Resort,Florida Keys,24.707748232706,-81.120061242368,83594775,100,
2364,Estate at Yountville,Napa,38.403831234358,-122.36350965743,59169666,14.27597,
2365,ChÃ¢teau des Fleurs,Paris,48.872404958038,2.2986109765481,25802491,15.27021,
2366,Norman HÃ´tel - Paris Champs Ã‰lysÃ©es,Paris,48.874385540289,2.3002545846544,32729597,19.546263,
2367,COMO Le Montrachet,Burgundy,46.945649093499,4.7539435846563,17657426,100,
2368,The One Barcelona,Barcelona,41.396805150081,2.16314428815,29730273,100,
2369,Grand Hotel Cocumella,Sorrento,40.633198282904,14.390668172822,68233040,100,
2370,Borgo Scopeto Wine & Country Relais,Tuscany,43.393436702392,11.36994804221,54633975,100,
2372,Sea Breeze Beach House,Oistins,13.066463917499,-59.55552773606,78712720,100,
2373,The Dolli at Acropolis,Athens,37.976539217778,23.728062226675,92596400,27.382019,
2374,The Westin Grand Cayman Seven Mile Beach Resort & Spa,Seven Mile Beach,0,0,,0,
2377,Bela Vista Hotel & Spa,Algarve,37.11954288965,-8.5376175038848,97727520,19.258724,
2379,Ã€NI Sri Lanka,Maaliyadda,5.959257914761,80.657403109101,69081462,16.974878,
2380,"Hiram Bingham, A Belmond Train",Machu Picchu Pueblo,0,0,,0,
2382,Corinthia Hotel Lisbon,Lisbon,38.739601803482,-9.1663378274203,65066444,100,
2384,"7Pines Resort Sardinia, part of Destination by Hyatt",Sardinia,41.12930482192,9.4712956465884,34419597,26.822495,
2385,W Algarve,Algarve,37.080399808605,-8.3012652039723,70036386,17.82447,
2388,Eden Reserve Hotel & Villas,Lake Garda,45.625011287678,10.556353896136,51459997,20.96279,
2389,Royal Hotel Sanremo,Sanremo,43.81479219432,7.7682094,97989197,14.729119,
2390,Hotel dei Borgognoni,Rome,41.903272324497,12.482621080714,81658957,22.207865,
2391,Hotel dei Mellini,Rome,41.907863686629,12.472577446023,85373746,22.207865,
2392,Gran Melia Arusha,Arusha,-3.3699214393766,36.706548642142,12821495,100,
2393,Melia Zanzibar,Zanzibar,-5.9535202647371,39.367278267908,28580811,100,
2394,"Ngorongoro Lodge, a MeliÃ¡ Collection Hotel",Ngorongoro,-3.2430943379458,35.512374803699,97063840,100,
2395,ME London,London,51.51246905363,-0.11856645397282,98645520,100,
2396,"MeliÃ¡ London Kensington, a MeliÃ¡ Collection Hotel",London,51.496273718206,-0.18290787968231,67192240,100,
2397,Villa Agrippina Gran MeliÃ¡,Rome,41.899741416819,12.460989753973,43000251,19.889883,
2398,ME Ibiza,Ibiza,38.992603435532,1.5700746730139,95069415,100,
2399,ME Sitges Terramar,Barcelona,41.225967166267,1.7880235417825,58661222,100,
2400,ME Barcelona,Barcelona,41.38988771039,2.1702078190417,91241757,100,
2401,"Villa Marquis,  a MeliÃ¡ Collection Hotel",Paris,48.865850295969,2.3046414882156,13809986,100,
2402,"Maison Colbert, a MeliÃ¡ Collection Hotel",Paris,48.851654304438,2.348657171043,42811015,20.557,
2403,Hotel ColÃ³n Gran MeliÃ¡,Seville,37.390961300595,-5.9986508068098,20699586,100,
2404,Gran MeliÃ¡ Palacio de Isora,Canary Islands,28.205538761469,-16.831613084658,32447004,24.317444,
2405,Jean-Michel Cousteau Resort Fiji,Vanua Levu,0,0,39221280,47.825844,
2406,VOMO Island Fiji,Vomo Island,0,0,28538535,15.566177,
2407,"Palazzo Giovanelli, Grand Canal Venezia",Venice,45.441292,12.33122,45488731,25.095638,
2408,Kimpton Grand Roatan Resort & Spa,Roatan Island,16.271333242903,-86.600549884506,79774764,20.407095,
2410,Hotel Royal - Evian Resort,Ã‰vian-les-Bains,46.397424025866,6.5941018079531,42749633,17.747372,
2411,URSO Hotel & Spa,Madrid,40.42739413036,-3.6982195,92956866,100,
2416,Cali Mykonos,Mykonos,37.447101304505,25.4222435,18441895,20.611534,
2417,Soneva Secret,Maldives,0,0,,0,
2418,Hotel Juana,Antibes,43.567953989331,7.1160416693177,98133964,100,
2419,"The Ritz-Carlton, Mexico City",Mexico City,0,0,26646080,35.44642,
2421,San Montano Resort & Spa,Ischia,40.75685301336,13.882137511461,99176204,100,
2424,Paradisus Cancun,Cancun,21.084339140874,-86.771980342562,93312535,100,
2429,Hard Rock Hotel Vallarta,Puerto Vallarta,20.69746617627,-105.2968801,24063575,100,
2432,The Wakaya Club & Spa,Wakaya Island,0,0,50594204,12.246536,
2436,"The Oberoi Beach Resort, Lombok",Lombok,-8.3617846870618,116.12283523807,55842204,24.344925,
2437,"The Oberoi Beach Resort, Bali",Bali,-8.6870781031664,115.15634243807,11359255,23.109282,
2438,Hotel Corallo Sorrento,Sorrento,40.635923076769,14.390823292047,37767906,100,
2439,South Bank Resort,Turks and Caicos,0,0,26428353,100,
2440,W Costa Navarino,Costa Navarino,36.938957204979,21.712411720238,90349506,27.100962,
2441,"The Westin Resort, Costa Navarino",Costa Navarino,36.99645340703,21.65070271164,95553233,27.543503,
2442,"The Romanos Resort, a Luxury Collection Resort, Costa Navarino",Costa Navarino,36.997404601739,21.650045965609,74805655,35.859932,
2444,Prince Waikiki,Oahu,21.287047386897,-157.84041624973,16771804,100,
2445,Albergo Terminus,Lake Como,45.814275231481,9.0816844576719,90504982,18.82679,
2446,COMO Alpina Dolomites,Dolomites,46.543604289951,11.61544821164,89402055,100,
2447,Le Cinq Codet,Paris,48.855722053545,2.3086296920471,42478960,27.817823,
2448,ChÃ¢teau de Fonscolombe,Provence,43.640967113297,5.4675106116404,14621393,100,
2449,Chateau d'Audrieu,Normandy,49.204469127452,-0.59479268508678,54233324,100,
2450,The Riviera Maya EDITION at Kanai,Riviera Maya,20.719867794305,-86.988619211638,88045426,20.760141,
2451,"Romazzino, A Belmond Hotel, Costa Smeralda",Sardinia,41.099789854044,9.5635728536922,33434604,100,
2456,Hotel Mousai Cancun,Cancun,21.230533250889,-86.802635537802,39039200,100,
2457,Silversands Beach House Grenada,Saint George's,12.0306525,-61.7533583,61629862,100,
2458,Hotel Indigo Grand Cayman,Seven Mile Beach,19.349599,-81.381599,45548182,16.334763,
2459,Palazzo Venart Luxury Hotel,Venice,45.441759453619,12.330127091954,75303586,23.770937,
2460,Hotel L'Orologio Rome,Rome,41.896858838064,12.478945581436,48517782,16.019892,
2461,Hotel L'Orologio Venice,Venice,45.440584474119,12.333440515343,23547211,14.272909,
2462,Hotel L'Orologio Florence,Florence,43.773976922944,11.250184126985,28539884,16.095322,
2463,Hotel Santa Maria Novella,Florence,43.774136016467,11.251061037553,59876011,22.07368,
2464,Grand Hotel Central,Barcelona,41.386258535841,2.1777439425324,22115782,100,
2465,Kagi Maldives Resort & Spa,Maldives,4.6776725659545,73.50145539206,43541291,23.378931,
2467,Octant Douro,Douro Valley,41.039007241106,-8.35101450794,56657644,21.193085,
2472,Octant Ponta Delgada,Azores,37.742320427828,-25.657566815345,18918077,32.38353,
2473,Octant Vila Monte,Algarve,37.099477083897,-7.7929667232834,65139117,21.94491,
2474,"Wildflower Farms, Auberge Resorts Collection",New York,41.691098042631,-74.181409542328,76118775,100,
2475,Soho House Canouan,Canouan Island,12.704922845882,-61.324039813861,66151520,100,
2477,Palazzo Roma,Rome,41.901315156374,12.486159294783,24644571,100,
2478,Andronis Minois,Paros,37.069662908594,25.12707266663,11112478,100,
2482,"Secrets Playa Blanca, Costa Mujeres",Costa Mujeres,21.295789561303,-86.815720926983,62053026,100,
2484,Waldorf Astoria Seychelles Platte Island,Outer Islands,-5.8622764558513,55.382642473017,41822706,28.72831,
2485,HÃ´tel NapolÃ©on Paris,Paris,48.874425157617,2.2989702703366,72683506,100,
2486,Secrets Tulum Resort & Beach Club,Tulum,20.200524966042,-87.454900142328,73211175,100,
2488,Me Dubai,Dubai,25.189763752558,55.266809242328,82751964,100,
2489,"Melia Desert Palm, a Melia collection hotel",Dubai,25.168014193889,55.44649462306,97224844,100,
2490,"Palazzo Cordusio, a Gran MeliÃ¡ Hotel",Milan,45.465787665543,9.1866037962925,96158684,100,
2491,"Hotel Tenuta di Artimino, a Melia Collection Hotel",Prato,43.783120669959,11.043150011638,38081760,100,
2492,Deos Mykonos - A Myconian Collection Hotel,Mykonos,0,0,65064102,26.256977,
2493,"Torre Melina, a Gran MeliÃ¡ Hotel",Barcelona,41.382237506756,2.1088991576725,28269426,100,
2494,The First Roma Arte,Rome,41.909246306206,12.475171204223,30475840,100,
2495,The First Roma Dolce,Rome,41.90737387127,12.477836411639,63847360,100,
2496,The First Roma Musica,Rome,41.907875666138,12.472894165603,19906422,100,
2498,"Six Senses La Sagesse, Grenada",St. David,0,0,86957942,11.513775,
2499,One&Only One Za'abeel,Dubai,25.229432741768,55.290192992602,21535062,100,
2500,SIRO One Za'abeel,Dubai,25.228826382796,55.290351807945,44953313,100,
2502,Sofitel Kia Ora Moorea Beach Resort,Moorea,-17.500039684663,-149.76520012274,25871851,27.463144,
2503,The Royal Crescent Hotel and Spa,Bath,51.387909790016,-2.3681134,51967655,100,
2504,Palazzo Vecchio Taormina,Sicily,37.853120878393,15.282531050219,35385862,25.690624,
2505,Furore Grand Hotel,Amalfi Coast,40.617154823178,14.547615323287,50975324,100,
2506,The Savoy London,London,51.510750359327,-0.12034883862978,51882102,14.23431,
2507,DoubleTree by Hilton Seychelles - Allamanda Resort & Spa,Mahe,-4.7761257305102,55.523515837508,52843437,30.812567,
2508,"Eleven Rio Palena Lodge, Patagonia",Los Lagos,-43.642759022652,-72.00523226137,45594135,28.934637,
2509,Gaia Riverlodge,Mountain Pine Ridge Reserve,17.03879062049,-88.985148384472,84747633,23.388123,
2510,Matachica Resort & Spa,San Pedro,17.985482234704,-87.921772962315,98619964,18.528404,
2511,Apes Hill Barbados Golf Resort,Barbados,13.215827632346,-59.607665241448,34201131,100,
2512,"COMO The Halkin, London",London,51.501543970304,-0.15222236137022,15974411,100,
2513,Grand Hotel Miramare,Santa Margherita Ligure,44.328577736717,9.2150606613685,23878604,15.769199,
2515,Electra Metropolis Athens,Athens,37.975789895999,23.732197215343,87222717,100,
2516,Electra Palace Athens,Athens,37.974184171885,23.7317086,98897757,100,
2517,Electra Hotel Athens,Greece,37.975991669576,23.733077599065,37656797,100,
2518,Flemings Mayfair,London,51.507206175703,-0.14532516137191,45635520,100,
2519,Our Habitas Ras Abrouq,Dukhan,25.587215015196,50.833033669315,20289222,20.261356,
2520,Wyndham Grand Barbados Sam Lordâ€™s Castle Resort,Barbados,13.12820952388,-59.429947038631,65080560,23.725647,
2521,Le Negresco,Nice,43.695468154473,7.2582009539723,20174295,16.418665,
2522,Octant Furnas,Azores,37.771529613634,-25.304408,79270400,25.93917,
2523,Octant LousÃ£,LousÃ£,40.109700856969,-8.2465059,55626935,11.270175,
2524,Octant Santiago,Santiago do CacÃ©m,38.018069001219,-8.6900658306885,26244204,8.660202,
2525,"The Vintage House Hotel, Douro",Douro Valley,41.190258274084,-7.5426966,11112525,100,
2526,Octant Ã‰vora,Nossa Senhora de Machede,38.548796538935,-7.755255461377,13017280,13.671433,
2527,Octant Praia Verde,Algarve,37.180678514925,-7.4822913306885,55135782,23.64392,
2528,Fontainebleau Miami Beach,Miami,25.818339410678,-80.122883561377,84460080,100,
2529,Grand Powers Paris,Paris,48.869759603042,2.3032436306885,55998993,100,
2530,Grand HÃ´tel du Palais Royal,Paris,48.864291558615,2.3376620211975,73315437,100,
2531,Palazzo Ripetta,Rome,41.909135692978,12.475859859353,29346477,100,
2534,Villa Pacifica,Riviera Nayarit,20.770173622048,-105.50174817302,35303542,11.974241,
2535,Casa Sastran,Tulum,20.07216349419,-87.478321326983,94422971,4.6217785,
2542,Hub PorteÃ±o,Buenos Aires,-34.587729934883,-58.386537219052,77538375,10.140296,
2543,Miavana by Time + Tide,Madagascar,-12.791444319524,49.819063797257,94218651,14.274322,
2544,Zannier Hotels Omaanda,Namibia,-22.417846831867,17.390754869312,85562982,29.514694,
2545,Zannier Hotels Sonop,Namibia,-25.49724200217,16.181977430689,51088935,29.514694,
2546,Six Senses Krabey Island,Koh Krabey Island,10.510692692545,103.56495708466,45502673,32.65144,
2551,ESPACIO The Jewel of Waikiki,Oahu,21.275953709933,-157.82445192698,40419040,100,
2552,"The Dunlin, Auberge Resorts Collection",South Carolina,32.622746483047,-80.122431,11112552,100,
2553,"The Westin Maui Resort & Spa, Ka'anapali",Maui,20.920874415716,-156.69515810371,92430626,29.54174,
2554,"The Royal Hawaiian, a Luxury Collection Resort, Waikiki",Oahu,21.278118238186,-157.82937043069,97377051,26.715965,
2555,The Rusty Parrot Lodge and Spa,Jackson Hole,43.482323514291,-110.76693559207,58617120,100,
2556,"Moana Surfrider, A Westin Resort & Spa, Waikiki Beach",Oahu,21.276889716528,-157.8266319,26134342,34.882526,
2557,FH55 Grand Hotel Palatino,Rome,41.895241205908,12.492219176252,36219666,100,
2558,FH55 Hotel Calzaiuoli,Florence,43.772166609229,11.255222296293,27220091,100,
2559,FH55 Hotel Villa Fiesole,Florence,43.80685477049,11.297794214955,33588251,100,
2562,La Dolce Vita Orient Express,Italy,0,0,,0,
2563,"Villa Le Blanc, a Gran MeliÃ¡ Hotel - The Leading Hotels of the World",Menorca,39.916365675142,4.0369465034315,97644753,100,
2564,"Casa de Las Artes, member of MeliÃ¡ Collection",Madrid,40.412428092022,-3.6974899576725,71851451,100,
2583,Les Bateaux Belmond,France,0,0,48643760,10.612135,
2584,"The British Pullman, A Belmond Train",England,0,0,95851644,17.262272,
2585,"The Royal Scotsman, A Belmond Train",Scotland,0,0,22179622,23.56737,
2586,"The Eastern & Oriental Express, A Belmond Train",Malaysia,0,0,,0,
2587,"Domaine des Etangs, Auberge Resorts Collection",Massignac,45.776380466876,0.6434049423275,86610182,100,
2588,Finca Serena Mallorca,Balearic Islands,39.587969946546,2.9463918037075,33049920,100,
2589,The Principal Madrid Hotel,Madrid,40.420123202637,-3.6973418883617,99131393,100,
2590,The Lodge Mallorca,Balearic Islands,39.791482758984,2.9955292809475,83212364,100,
2591,The Moorings Florida,Florida Keys,0,0,99005942,21.290668,
2592,The Moorings Caribbean,Caribbean,0,0,22206866,9.573025,
2593,The Moorings Belize,Belize,0,0,43446455,21.526056,
2594,The Moorings Mexico,Mexico,0,0,14905724,14.055508,
2595,The Moorings Europe,Europe,0,0,,0,
2596,The Moorings Seychelles,Seychelles,0,0,41822706,24.745804,
2597,The Moorings Tahiti,Tahiti,0,0,,0,
2598,The Moorings Thailand,Thailand,0,0,18412044,19.364094,
2599,"Hotel Wailea, Relais & ChÃ¢teaux",Maui,0,0,23617153,50,
2600,Savoy Palace,Madeira,32.644238455241,-16.920977788361,68821997,100,
2601,The Reserve,Madeira,32.64433342757,-16.920936773017,11112601,100,
2602,Saccharum Resort & Spa,Madeira,32.717358409047,-17.168699634397,28285335,100,
2603,Anantara Plaza Nice Hotel,Nice,43.69738922985,7.2680574116375,53917040,22.319077,
2604,"Sensei Lanai, A Four Seasons Resort",Lanai,20.837139880395,-156.91729122698,12429942,33.766903,
2605,The Westin Bora Bora Resort & Spa,Bora Bora,-16.496359673382,-151.70165768095,90961746,28.813547,
2606,Carillon Miami Wellness Resort,Miami,25.853792221442,-80.120029196292,31309986,100,
2607,"Salterra, a Luxury Collection Resort & Spa, Turks & Caicos",South Caicos,21.491502757436,-71.520368383183,29592066,14.787466,
2608,"Almare, A Luxury Collection Adult All Inclusive Resort",Isla Mujeres,21.21930872898,-86.729010546787,57198113,15.990748,
2609,Fairmont Grand Del Mar,San Diego,32.938871286903,-117.19755279629,83139484,22.636469,
2612,SLS Playa Mujeres,Cancun,0,0,53437106,50,
